NAME,ID,NOTES,URL
United States Marine Corps,21609611713,DEF,https://www.facebook.com/marinecorps
Marines,323772930193,DEF,https://www.facebook.com/marines
eJournal USA,63919297242,DOS,https://www.facebook.com/ejournalUSA
CO.NX,26365096875,DOS,https://www.facebook.com/CoNx
The U.S. Army,44053938557,DEF,https://www.facebook.com/Usarmy
The White House,63811549237,EXEC,https://www.facebook.com/WhiteHouse
National Guard,44959272188,DEF,https://www.facebook.com/nationalguard
National Aeronautics and Space Administration - NASA,54971236771,EXEC,https://www.facebook.com/NASA
United States Air Force,119105629988,DEF,https://www.facebook.com/Usairforce
U.S. Navy,74281347822,DEF,https://www.facebook.com/USNavy
FBI  Federal Bureau of Investigation,72092591211,EXEC,https://www.facebook.com/FBI
U.S. Department of Veterans Affairs,15408433177,EXEC,https://www.facebook.com/VeteransAffairs
CDC,76625396025,EXEC,https://www.facebook.com/CDC
Department of Defense (DoD),114648515718,DEF,https://www.facebook.com/DeptofDefense
U.S. Department of State,15877306073,DOS,https://www.facebook.com/usdos
U.S. Coast Guard,25633842678,DEF,https://www.facebook.com/Uscoastguard
U.S. National Weather Service,206848514040,EXEC,https://www.facebook.com/US.National.Weather.Service.gov
U.S. Census Bureau,202626512363,EXEC,https://www.facebook.com/uscensusbureau
Let's Move,293661022758,EXEC,https://www.facebook.com/letsmove
National Oceanic and Atmospheric Administration (NOAA),201357451715,EXEC,https://www.facebook.com/usnoaagov
"Veterans Benefits Administration (VBA), U.S. Department of Veterans Affairs",164343473415,EXEC,https://www.facebook.com/VeteransBenefits
Federal Emergency Management Agency,78922439964,EXEC,https://www.facebook.com/FEMA
The Library of Congress,90245883058,EXEC,https://www.facebook.com/libraryofcongress
U.S. Army Reserve,78582953709,DEF,https://www.facebook.com/usarmyreserve
The National Guard,44959272188,DEF,https://www.facebook.com/usarmyreserve
U.S. Postal Service,60774464809,EXEC,https://www.facebook.com/USPS
Arlington National Cemetery,198366988975,EXEC,https://www.facebook.com/ArlingtonNationalCemetery
Veterans Health Administration (VHA) - U.S. Department of Veterans Affairs,40182150773,EXEC,https://www.facebook.com/VeteransHealth
U.S. Environmental Protection Agency,39637302228,EXEC,https://www.facebook.com/EPA
U.S. Department of Agriculture,108879087298,EXEC,https://www.facebook.com/USDA
USA.gov,65369158579,EXEC,https://www.facebook.com/USAgov
The United States Department of Justice,138925324029,EXEC,https://www.facebook.com/DOJ
U.S. Food and Drug Administration,94399502298,EXEC,https://www.facebook.com/FDA
USAJOBS,204902959720,EXEC,https://www.facebook.com/USAJOBS
U.S. Department of Housing and Urban Development,74178981954,EXEC,https://www.facebook.com/HUD
Social Security Administration,64443335287,EXEC,https://www.facebook.com/socialsecurity
US National Archives,128463482993,EXEC,https://www.facebook.com/usnationalarchives
OnGuardOnline.gov,358896716815,EXEC,https://www.facebook.com/OnGuardOnline
U.S. Department of Energy,134652126565889,EXEC,https://www.facebook.com/energygov
U.S. Department of Labor,190226429055,EXEC,https://www.facebook.com/departmentoflabor
National Cancer Institute,127165553989732,EXEC,https://www.facebook.com/cancer.gov
Federal Trade Commission,137136626303203,EXEC,https://www.facebook.com/federaltradecommission
United States Patent and Trademark Office,114912688522231,EXEC,https://www.facebook.com/uspto.gov
Federal Communications Commission,127812519670,EXEC,https://www.facebook.com/FCC
U.S. Department of Education,119446064319,EXEC,https://www.facebook.com/ED.gov
GobiernoUSA.gov,79306391439,EXEC,https://www.facebook.com/GobiernoUSA
U.S. Department of the Interior,109464015773955,EXEC,https://www.facebook.com/USInterior
U.S. Department of the Treasury,227708177291160,EXEC,https://www.facebook.com/pages/United-States-Department-of-the-Treasury/227708177291160
U.S. Department of Commerce,273159622637,EXEC,https://www.facebook.com/Commercegov
U.S. Public Health Service Commissioned Corps,164002896999,EXEC,https://www.facebook.com/USPHS
National Labor Relations Board,123035371176,EXEC,https://www.facebook.com/NLRBpage
National Nuclear Security Administration,118352844477,DEF,https://www.facebook.com/NNSANews
General Services Administration,128606320218,EXEC,https://www.facebook.com/GSA
International Trade Administration,123043532640,EXEC,https://www.facebook.com/TradeGov
Export Gov,112236298513,EXEC,https://www.facebook.com/ExportGov
CFTC - U.S. Commodity Futures Trading Commission,364671257772,EXEC,https://www.facebook.com/cftcgov
National Telecommunications and Information Administration,232723770379,EXEC,https://www.facebook.com/ntiagov
El Departamento de Vivienda y Desarrollo Urbano de los Estados Unidos,141969060527,EXEC,https://www.facebook.com/EspanolHUD
Armed Services,135848076965,DEF,https://www.facebook.com/pages/House-Armed-Services-Committee-Democrats/135848076965
U.S. Government Accountability Office (GAO),114596675266566,EXEC,https://www.facebook.com/GovernmentAccountabilityProject
U.S. Comptroller of the Currency,213254918823,EXEC,https://www.facebook.com/pages/US-Comptroller-of-the-Currency/213254918823
AbilityOne,272834715264,EXEC,https://www.facebook.com/pages/AbilityOne/272834715264
Administration on Aging,123081207749122,EXEC,https://www.facebook.com/AoA.gov
Administrative Conference of the United States,104101046319725,EXEC,https://www.facebook.com/ACUSgov
United States African Development Foundation,287237154635421,DOS,https://www.facebook.com/USADF
Agency for Healthcare Research Quality (AHRQ),261972500566739,EXEC,https://www.facebook.com/ACUSgov
USAID - US Agency for International Development,62690599685,DOS,https://www.facebook.com/USAID
American Battle Monuments Commission,143512799000773,EXEC,https://www.facebook.com/abmcpage
AmeriCorps,309962672389562,EXEC,https://www.facebook.com/americorps
Amtrak,9411224013,EXEC,https://www.facebook.com/Amtrak
Animal and Plant Health Inspection Service,140448016022592,EXEC,https://www.facebook.com/pages/USDA-Animal-and-Plant-Health-Inspection-Service/140448016022592
Appalachian Regional Commission,185363858173318,EXEC,https://www.facebook.com/gov.ARC
Architect of the Capitol,325144800846552,EXEC,https://www.facebook.com/ArchitectoftheCapitol
United States Arctic Research Commission (USARC),180822281930902,EXEC,https://www.facebook.com/arcticresearch
"U.S. Army Corps of Engineers, Headquarters",136693759691210,DEF,https://www.facebook.com/USACEHQ
National Institute of Arthritis and Musculoskeletal Diseases,357987270895056,HHS,https://www.facebook.com/NIH.NIAMS
Bonneville Power Administration,90338489373,EXEC,https://www.facebook.com/bonnevillepower
Broadcasting Board of Governors,189851214389779,EXEC,https://www.facebook.com/BBGgov
U.S. Citizenship and Immigration Services,228759177135310,EXEC,https://www.facebook.com/uscis
Consumer Financial Protection Bureau,141576752553390,EXEC,https://www.facebook.com/CFPB
Bureau of Indian Affairs,211979362167761,EXEC,https://www.facebook.com/pages/US-Indian-Affairs/211979362167761
Bureau of Land Management,356334387311,EXEC,https://www.facebook.com/BLMNational
Bureau of Reclamation,62014882904,EXEC,https://www.facebook.com/bureau.of.reclamation
United States Capitol,138819462821564,EXEC,https://www.facebook.com/USCapitol
Chief Human Capital Officers Council,168795866510850,EXEC,https://www.facebook.com/CHCOCouncil
Chief Information Officers Council,141611132533864,EXEC,https://www.facebook.com/pages/Chief-Information-Officers-Council/141611132533864
United States Commission on Civil Rights,142616809143972,EXEC,https://www.facebook.com/pages/United-States-Commission-on-Civil-Rights/142616809143972
U.S. Helsinki Commission,102596134946,EXEC,https://www.facebook.com/helsinkicommission
Community Oriented Policing Services (DOJ),167559609940802,EXEC,https://www.facebook.com/DOJCOPS
White House Council on Environmental Quality,197889273569988,EXEC,https://www.facebook.com/WhiteHouseCEQ
Defense Acquisition University,116219135100961,DEF,https://www.facebook.com/Defense.Acquisition.University
"DARPA, The Defense Advanced Research Projects Agency",67150982149,DEF,https://www.facebook.com/DARPA
Defense Commissary Agency,136880189673357,DEF,https://www.facebook.com/YourCommissary
Defense Contract Audit Agency,402904819775613,DEF,https://www.facebook.com/DefenseContractAuditAgency
Defense Contract Management Agency,201124769903257,DEF,https://www.facebook.com/DefenseContractManagementAgency
Defense Finance and Accounting Service - DFAS,112249422145566,DEF,https://www.facebook.com/DefenseFinanceandAccountingService
Defense Information Systems Agency,250189231547,DEF,https://www.facebook.com/USdisa
Defense Intelligence Agency,59555160918,DEF,https://www.facebook.com/DIA
Defense Logistics Agency (DLA),381950967432,DEF,https://www.facebook.com/dla.mil
Defense Security Cooperation Agency,128258946827,DEF,https://www.facebook.com/pages/Defense-Security-Cooperation-Agency/128258946827
Defense Technical Information Center,111446088869391,DEF,https://www.facebook.com/dtic.mil
Defense Threat Reduction Agency,226346004154990,DEF,https://www.facebook.com/pages/Defense-Threat-Reduction-Agency-DTRA/226346004154990
Denali Commission,443508419026558,EXEC,https://www.facebook.com/DenaliCommission
NIH Common Fund,177694345609050,HHS,https://www.facebook.com/NIHCommonFund
CDC Tobacco Free,134234289975376,HHS,https://www.facebook.com/cdctobaccofree
Healthfinder.gov,258523567528975,HHS,https://www.facebook.com/healthfinder
Disaster Distress Helpline,124962924227377,HHS,https://www.facebook.com/distresshelpline
National Eye Health Education Program,120483694695933,HHS,https://www.facebook.com/NationalEyeHealthEducationProgram
Million Hearts,188110277921904,HHS,https://www.facebook.com/millionhearts
FedStrive,428970577117151,HHS,https://www.facebook.com/FedStrive
NIH Office of Dietary Supplements,320952651295590,HHS,https://www.facebook.com/NIH.ODS
National Institute of Environmental Health Sciences,122023534497499,HHS,https://www.facebook.com/NIH.NIEHS
Substance Abuse & Mental Health Services Administration,244833777506,HHS,https://www.facebook.com/samhsa
U.S. Public Health Service Pharmacists,105744979470470,HHS,https://www.facebook.com/USPHSPharmacists
U.S. Public Health Service Nurses,138192989537134,HHS,https://www.facebook.com/pages/US-Public-Health-Service-Nurses/138192989537134
StopBullying.gov,190063684367149,HHS,https://www.facebook.com/StopBullying.Gov
Public Health Emergency,124033720970158,HHS,https://www.facebook.com/phegov
Office on Women's Health,10200000000000000,HHS,https://www.facebook.com/HHSOWH
Medical Reserve Corps,144570828951654,HHS,https://www.facebook.com/medicalreservecorps
HealthCare.gov,130163127032931,HHS,https://www.facebook.com/Healthcare.gov
GirlsHealth.gov,341364156720,HHS,https://www.facebook.com/girlshealth
FoodSafety.gov,200723243307374,HHS,https://www.facebook.com/FoodSafety.gov
Best Bones Forever,10200000000000000,HHS,https://www.facebook.com/bestbonesforever
AIDS.gov,8039057811,HHS,https://www.facebook.com/AIDS.gov
Women's Health Resources,114640695228616,HHS,https://www.facebook.com/WomensHealthResources
NLM 4 Caregivers,192065914150187,HHS,https://www.facebook.com/NLM4Caregivers
AIDSinfo,185441048157548,HHS,https://www.facebook.com/AIDSinfo
We Can - Ways to Enhance Children's Activity & Nutrition,267159894964,HHS,https://www.facebook.com/nihwecan
COPD Learn More Breathe Better,45855940490,HHS,https://www.facebook.com/BreatheBetter
National Center for Biotechnology Information,367794192480,HHS,https://www.facebook.com/ncbi.nlm
National Library of Medicine,343352050490,HHS,https://www.facebook.com/nationallibraryofmedicine
Exhibition Program at the National Library of Medicine,198519848697,HHS,https://www.facebook.com/NLMExhibitions
National Institute of Mental Health,103884801977,HHS,https://www.facebook.com/nimhgov
National Institute of General Medical Sciences,136577286212,HHS,https://www.facebook.com/nigms.nih.gov
National Institute of Diabetes and Digestive and Kidney Diseases,159778759845,HHS,https://www.facebook.com/pages/National-Institute-of-Diabetes-and-Digestive-and-Kidney-Diseases-NIDDK/159778759845
Make the Kidney Connection,363329971883,HHS,https://www.facebook.com/MaketheKidneyConnection
National Institute on Drug Abuse,325566473570,HHS,https://www.facebook.com/NIDANIH
Drug Facts,10200000000000000,HHS,https://www.facebook.com/NIDA.Drug.Facts.Week
National Institute for Child Health and Human Development,108375985869324,HHS,https://www.facebook.com/pages/Eunice-Kennedy-Shriver-National-Institute-of-Child-Health-and-Human-Development/108375985869324
National Institute of Arthritis and Musculoskeletal and Skin Diseases Labs,198162220219256,HHS,https://www.facebook.com/NIAMS.Labs
National Institute of Allergy and Infectious Diseases,405080625071,HHS,https://www.facebook.com/niaid.nih
The Heart Truth,6476847301,HHS,https://www.facebook.com/hearttruth
"National Heart, Lung and Blood Institute (NHLBI)",324757578832,HHS,https://www.facebook.com/NHLBI
Know Stroke,94937992925,HHS,https://www.facebook.com/KnowStroke
National DNA Day,47309007669,HHS,https://www.facebook.com/DNAday
Smokefree Women,94703776494,HHS,https://www.facebook.com/smokefree.women
National Cancer Institute - Office of Media Relations,363900520932,HHS,https://www.facebook.com/NCImedia
National Center for Complementary and Alternative Medicine,112540168769210,HHS,https://www.facebook.com/DNAday
The Office of Behavioral and Social Sciences Research,118355738208763,HHS,https://www.facebook.com/OBSSR.NIH
The Children's Inn at NIH,99591362449,HHS,https://www.facebook.com/TheChildrensInn
NIH Research Matters,44222694038,HHS,https://www.facebook.com/ResearchMatters
NIH News in Health,45385547967,HHS,https://www.facebook.com/newsinhealth
The NIH Clinical Center,134336139913,HHS,https://www.facebook.com/NIHClinicalCenter
National Institutes of Health (NIH),43331696829,HHS,https://www.facebook.com/nih.gov
Fogarty International Center,127485003430,HHS,https://www.facebook.com/fogarty.nih
National Health Service Corps,62417899106,HHS,https://www.facebook.com/nationalhealthservicecorps
Health Resources & Services Administration,199893476843,HHS,https://www.facebook.com/NIHClinicalCenter
National Institute for Occupational Safety and Health,28902055276,HHS,https://www.facebook.com/pages/NIOSH-National-Institute-for-Occupational-Safety-and-Health/28902055276
MMWR,101050793275404,HHS,https://www.facebook.com/CDCMMWR
Health Hazard Evaluation Program,157605994287818,HHS,https://www.facebook.com/health.hazard.evaluation.program
CDC NPIN,133606980030,HHS,https://www.facebook.com/CDCNPIN
CDC Heads Up - Brain Injury Awareness,122028914505481,HHS,https://www.facebook.com/cdcheadsup
CDC en Espanol,122981414430296,HHS,https://www.facebook.com/CDCespanol
CDC - Parents are the Key to Safe Teen Drivers,146229618753585,HHS,https://www.facebook.com/cdcparentsarethekey
Eldercare Locator,129690570413427,HHS,https://www.facebook.com/eldercarelocator
Child Welfare Information Gateway,140153407161,HHS,https://www.facebook.com/childwelfare
Department of Homeland Security,179587888720522,EXEC,https://www.facebook.com/homelandsecurity
Department of Transportation,63235616778,EXEC,https://www.intern.facebook.com/USDOT
Office of the Director of National Intelligence,101595647113,EXEC,https://www.facebook.com/eda.commerce
U.S. Economic Development Administration,132918610067448,EXEC,https://www.facebook.com/eda.commerce
USFWS Endangered Species,137107446322218,EXEC,https://www.facebook.com/USFWSEndangeredSpecies
Energy Information Administration,350562875012730,EXEC,https://www.facebook.com/eiagov
Office of English Language Acquisition,194460783960915,EXEC,https://www.intern.facebook.com/USDOT
U.S. European Command (EUCOM),37206223947,DEF,https://www.facebook.com/EUCOM
Federal Aviation Administration,174311909277106,EXEC,https://www.facebook.com/FAA
Federal Deposit Insurance Corporation,340048797251,EXEC,https://www.facebook.com/FDICgov
Federal Energy Regulatory Commission,101895576546443,EXEC,https://www.facebook.com/FERC.gov
Federal Highway Administration,101895576546443,EXEC,https://www.facebook.com/pages/Federal-Highway-Administration/175380479155058
Federal Laboratory Consortium,122806387764640,EXEC,https://www.facebook.com/federallabs
Federal Motor Carrier Safety Administration,225392700899588,EXEC,https://www.facebook.com/FMCSA
Federal Railroad Administration,234098873364499,EXEC,https://www.facebook.com/USDOTFRA
Federal Student Aid,182616238486183,EXEC,https://www.facebook.com/FederalStudentAid
Federal Transit Administration (FTA),329720670448736,EXEC,https://www.facebook.com/FTADOT
"Federal Voting Assistance Program, DOD",104504438466,EXEC,https://www.facebook.com/DoDFVAP
Fish and Wildlife Service,28248315774,EXEC,https://www.facebook.com/usfws
Fossil Energy,94233406587,EXEC,https://www.facebook.com/FossilEnergy
ExchangesConnect - U.S. Department of State,343064425809,DOS,https://www.facebook.com/exchangesconnect
U.S. Geological Survey,102635589782433,EXEC,https://www.facebook.com/USGeologicalSurvey
U.S. Department of State: Engaging the Community on Foreign Affairs,334743330071,DOS,https://www.facebook.com/EngageStateDept
U.S. Government Printing Office,162592897126454,EXEC,https://www.facebook.com/USGPO
Holocaust Museum,34362997676,EXEC,https://www.facebook.com/holocaustmuseum
Immigration and Customs Enforcement,63303676814,EXEC,https://www.facebook.com/wwwICEgov
National Defense University iCollege,105492426162129,DEF,https://www.facebook.com/pages/National-Defense-University-iCollege/105492426162129
Education Resources Information Center,346769469411,EXEC,https://www.facebook.com/SearchEduResources
Institute of Museum and Library Services,108687402609719,EXEC,https://www.facebook.com/USIMLS
United States Institute of Peace,75608370019,EXEC,https://www.facebook.com/usinstituteofpeace
U.S. Interagency Council on Homelessness,161277853932076,EXEC,https://www.facebook.com/pages/US-Interagency-Council-on-Homelessness/161277853932076
James Madison Memorial Fellowship Foundation,93155927345,EXEC,https://www.facebook.com/pages/James-Madison-Memorial-Fellowship-Foundation/93155927345
Japan-US Friendship Commission,148824211838823,EXEC,https://www.facebook.com/JUSFC
Job Corps,303857546328687,EXEC,https://www.facebook.com/doljobcorps
Kennedy Center,73250630864,EXEC,https://www.facebook.com/KennedyCenter
The Joint Staff,176647459081706,DEF,https://www.facebook.com/TheJointStaff
Joint Congressional Committee on Inaugural Ceremonies,134548256687679,CON,https://www.facebook.com/JCCIC
Joint Fire Science Program,265953553443689,EXEC,https://www.facebook.com/Firescience.GOV
Joint Staff Forces College,148670571855087,DEF,https://www.facebook.com/pages/Joint-Forces-Staff-College/148670571855087
Office of Justice Programs,184230948375628,EXEC,https://www.facebook.com/pages/Office-of-Justice-Programs/184230948375628
Legal Services Corporation,119095738221297,EXEC,https://www.facebook.com/LegalServicesCorporation
USFWS National Wildlife Refuge System,119095738221297,EXEC,https://www.facebook.com/USFWSRefuges
Millennium Challenge Corporation - MCC,51888241909,EXEC,https://www.facebook.com/MillenniumChallengeCorp
U.S. Minority Business Development Agency (MBDA),108402687457,EXEC,https://www.facebook.com/USMBDA
United States Mint,103695769458,EXEC,https://www.facebook.com/UnitedStatesMint
Mississippi Valley Division (US Army Corps of Engineers),108402687457,EXEC,https://www.facebook.com/CEMVD
National Capital Planning Commission,93373262211,EXEC,https://www.facebook.com/ncpc.gov
National Cemetary Administration (NCA) U.S Department of Veterans Affairs,182543300694,EXEC,https://www.facebook.com/NationalCemeteries
National Constitution Center,182543300694,EXEC,https://www.facebook.com/constitutioncenter
National Council on Disability,131414496898167,EXEC,https://www.facebook.com/NCDgov
National Defense University,499522455437,DEF,https://www.facebook.com/ndu.edu
National Credit Union Administration,107299956000237,EXEC,https://www.facebook.com/NCUAgov
National Endowment for the Arts,33192104484,EXEC,https://www.facebook.com/NationalEndowmentfortheArts
National Endowment for the Humanities,131252093552454,EXEC,https://www.facebook.com/pages/National-Endowment-for-the-Humanities/131252093552454
National Geospatial-Intelligence Agency,232421426802224,EXEC,https://www.facebook.com/NatlGEOINTAgency
National Gallery of Art,118604413043,EXEC,https://www.facebook.com/nationalgalleryofart
National Highway Traffic Safety Administration,198228890287761,EXEC,https://www.facebook.com/NHTSA
OJP National Institute of Justice,439594309433983,EXEC,https://www.facebook.com/OJPNIJ
National Institute for Standards and Technology,211075745364,EXEC,https://www.facebook.com/4NIST
National Interagency Fire Center,112662472124565,EXEC,https://www.facebook.com/BLMFire
NOAA Fisheries Service,177986985585960,EXEC,https://www.facebook.com/usnoaafisheriesgov
National Ocean Service,64601512866,EXEC,https://www.facebook.com/usoceangov
National Park Foundation,10524821940,EXEC,https://www.facebook.com/nationalparkservice
National Science Foundation (NSF),30037047899,EXEC,https://www.facebook.com/US.NSF
NSA - National Security Agency,38534064357,EXEC,https://www.facebook.com/NSACareers
NTIS Customer Contact Center,128622360540923,EXEC,https://www.facebook.com/NTISCustomerContactCenter
National Weather Service,206848514040,EXEC,https://www.facebook.com/US.National.Weather.Service.gov
NOAA NWS National Hurricane Center,112957945436361,EXEC,https://www.facebook.com/US.NOAA.NationalHurricaneCenter.gov
NORAD and USNORTHERN Command,49769178351,DEF,https://www.facebook.com/noradnorthcom
Northwest Power and Conservation Council,227181874543,EXEC,https://www.facebook.com/nationalparkservice
Oak Ridge National Laboratory,113463684170,EXEC,https://www.facebook.com/Oak.Ridge.National.Laboratory
U.S. Department of Education Office for Civil Rights (OCR),185782101444576,EXEC,https://www.facebook.com/EDCivilRights
Office of Personnel Management,313583340206,EXEC,https://www.facebook.com/USOPM
OSTI: Office of Scientific and Technical Information U.S. Dept. of Energy,81426950401,EXEC,https://www.facebook.com/ostigov
Open World Leadership Center,127123797669,EXEC,https://www.facebook.com/openworldleadershipcenter2
Overseas Private Investment Corporation,364659709914,EXEC,https://www.facebook.com/opicgov
U.S. Pacific Command,61575637587,DEF,https://www.facebook.com/pacific.command
Peace Corps,110634980913,EXEC,https://www.facebook.com/peacecorps
Pension Benefit Guaranty Corporation (PBGC),91530573008,EXEC,https://www.facebook.com/pages/Pension-Benefit-Guaranty-Corporation-PBGC/91530573008
Pentagon Force Protection Agency,10150147103125200,DEF,https://www.facebook.com/PentagonForceProtectionAgency
HUD USER,183685747712,EXEC,https://www.facebook.com/presidiosf
Presidio Trust,128693360477162,EXEC,https://www.facebook.com/presidiosf
Radio Free Asia,31744768821,EXEC,https://www.facebook.com/pages/Radio-Free-Asia/31744768821
RFE/RL,122264309574,EXEC,https://www.facebook.com/rferl
Research and Innovative Technology Administration,121617491187775,EXEC,https://www.facebook.com/DOTRITA
Saint Lawrence Seaway Development Corporation,142759342421073,EXEC,https://www.facebook.com/USDOTSLSDC
Securities and Exchange Commission Recruiting,113806455351991,EXEC,https://www.facebook.com/SECJobs
Selective Service System,322088453654,EXEC,https://www.facebook.com/SSSregistration
Small Business Administration,127264277313342,EXEC,https://www.facebook.com/SBAgov
Smithsonian,6193904573,SMITH,https://www.facebook.com/Smithsonian
Smithsonian 3D Digitization,105190756186435,SMITH,https://www.facebook.com/3d.si.edu
"National Air and Space Museum, Smithsonian Institution",9739297796,SMITH,https://www.facebook.com/airandspace
Smithsonian In Your Neighborhood,56914446269,SMITH,http://www.facebook.com/SmithsonianAffiliations
"National Air and Space Museum, Steven F. Udvar-Hazy Center, Smithsonian",7879619558,SMITH,https://www.facebook.com/udvarhazycenter
Smithsonian's Anacostia Community Museum,10792574182,SMITH,https://www.facebook.com/SmithsonianAnacostiaCommunityMuseum
Smithsonian Civil War 150,208442395873065,SMITH,https://www.facebook.com/SmithsonianCivilWar150
Smithsonian National Museum of African American History and Culture,42825906989,SMITH,https://www.facebook.com/NMAAHC
Smithsonian Channel,74671163356,SMITH,https://www.facebook.com/NMAAHC
"National Museum of African Art, Smithsonian Institution",144872555530351,SMITH,https://www.facebook.com/si.africanart
Smithsonian Education,46940713250,SMITH,https://www.facebook.com/smithsonianeducation
American Art Museum,29428791399,SMITH,https://www.facebook.com/smithsonianeducation
Smithsonian Environmental Research Center,108894722462749,SMITH,https://www.facebook.com/smithsonian.serc
National Museum of American History,18351457517,SMITH,https://www.facebook.com/americanhistory
Smithsonian Folkways Recordings,10367554814,SMITH,https://www.facebook.com/smithsonianfolkwaysrecordings
Smithsonian's National Museum of the American Indian,30954968553,SMITH,https://www.facebook.com/NationalMuseumoftheAmericanIndianinDC
Smithsonian Institution Archives,159608694063613,SMITH,https://www.facebook.com/SmithsonianInstitutionArchives
"American Indian Museum, New York City",48000054112,SMITH,https://www.facebook.com/pages/Smithsonians-National-Museum-of-the-American-Indian-in-New-York/48000054112
Smithsonian Libraries,14518110807,SMITH,https://www.facebook.com/SmithsonianLibraries
Smithsonian's Archives of American Art,63389091396,SMITH,https://www.facebook.com/archivesofamericanart
Smithsonian Institution Traveling Exhibition Service,34568486446,SMITH,https://www.facebook.com/sitesExhibitions
Chandra X-Ray Observatory,36786020343,SMITH,https://www.facebook.com/chandraxrayobservatory
Smithsonian Fellows and Interns,191274797550147,SMITH,https://www.facebook.com/pages/Smithsonian-Fellows-and-Interns/191274797550147
"Cooper-Hewiit, National Design Museum",5974621763,SMITH,https://www.facebook.com/cooperhewitt
Smithsonian Gardens,190959580974403,SMITH,https://www.facebook.com/SmithsonianGardens
Freer and Sackler Galleries,25288628787,SMITH,https://www.facebook.com/FreerSackler
Smithsonian Jobs,170454152487,SMITH,https://www.facebook.com/SIjobs
Global Volcanism Program,60146251032,SMITH,https://www.facebook.com/GlobalVolcanism
Smithsonian Journeys,130603425098,SMITH,https://www.facebook.com/smithsonianjourneys
Hirshhorn Museum,12656504609,SMITH,https://www.facebook.com/hirshhorn
Smithsonian Latino Center,116894921654156,SMITH,https://www.facebook.com/pages/Smithsonian-Latino-Center/116894921654156
Museum Conservation Institute,38663476844,SMITH,https://www.facebook.com/pages/Smithsonians-Museum-Conservation-Institute/38663476844
Smithsonian Magazine,47619793252,SMITH,https://www.facebook.com/smithsonianmagazine
National Portrait Gallery,8603882303,SMITH,https://www.facebook.com/npg.smithsonian
Smithsonian Marine Ecosystems Exhibit,103470621513,SMITH,https://www.facebook.com/SmithsonianSMS
National Postal Museum,29516706053,SMITH,https://www.facebook.com/SmithsonianNationalPostalMuseum
"Smithsonian Migratory Bird Center (SMBC) ""Bird Friendly"" Coffee",38669659508,SMITH,https://www.facebook.com/bird.friendly.coffee
Smithsonian's National Zoo,32235087901,SMITH,https://www.facebook.com/nationalzoo
The Smithsonian Associates,11388175860,SMITH,https://www.facebook.com/TheSmithsonianAssociates
Smithsonian's National Museum of Natural History,9974533229,SMITH,https://www.facebook.com/nmnh.fanpage
Smithsonian Theaters,159985738913,SMITH,https://www.facebook.com/pages/Smithsonian-Theaters/159985738913
Bocas del Toro Research Station,52954902197,SMITH,https://www.facebook.com/BocasResearchStation
U.S. Southern Command (SOUTHCOM),51598223559,DEF,https://www.facebook.com/southcom
United States Special Operations Command (USSOCOM),252266291515805,DEF,https://www.facebook.com/ussocom
United States Strategic Command,104786012162,DEF,https://www.facebook.com/usstrategiccommand
Tennessee Valley Authority,254439857690,EXEC,https://www.facebook.com/TVA
U.S. Trade and Development Agency,194363210585882,EXEC,https://www.facebook.com/USTDA?sid=0.24423024236324298
U.S. Transportation Command (USTRANSCOM),368680505019,EXEC,https://www.facebook.com/USTRANSCOM
TRICARE,20135069448,EXEC,https://www.facebook.com/TRICARE
U.S. Central Command,64151799605,DEF,https://www.facebook.com/CENTCOM
U.S. Fleet Forces Command,103460844289,DEF,https://www.facebook.com/usfleetforces
West Point - The U.S. Military Academy,280936771231,DEF,https://www.facebook.com/WestPointUSMA
U.S. Mission to the United Nations,119190564848999,DOS,https://www.facebook.com/pages/US-Mission-to-the-United-Nations/119190564848999
U.S. Trade Representative,42542319981,EXEC,https://www.facebook.com/USTradeRep
Uniformed Services University of the Health Sciences,96338890888,DEF,https://www.facebook.com/pages/Uniformed-Services-University-of-the-Health-Sciences/96338890888
Woodrow Wilson International Center for Scholars,100745476640188,EXEC,https://www.facebook.com/woodrowwilsoncenter
Africa Regional Services,175358525809685,US - EMB,https://www.facebook.com/usdos.arsparis
U.S. Embassy Luanda,119083838180559,US - EMB,https://www.facebook.com/USinLuanda
U.S. Embassy Cotonou,107236792712338,US - EMB,https://www.facebook.com/usembassybenin
"U.S. Embassy Gaborone, Botswana",147467418636156,US - EMB,https://www.facebook.com/U.S.EmbassyGaborone
U.S. Embassy Ouaga,147467418636156,US - EMB,https://www.facebook.com/pages/US-Embassy-Ouaga/147467418636156
U.S. Embassy Yaounde,312546460715,US - EMB,https://www.facebook.com/yaounde.usembassy
"U.S. Embassy Praia, Cape Verde",166454596776576,US - EMB,https://www.facebook.com/EmbassyPraia
U.S. Embassy N'Djamena,306782912761033,US - EMB,https://www.facebook.com/usdos.usembassyndjamena
U.S. Embassy Kinshasa,96214753274,US - EMB,https://www.facebook.com/usembassykinshasa
U.S. Embassy Abidjan,183116651779953,US - EMB,https://www.facebook.com/pages/US-Embassy-Abidjan/183116651779953
U.S. Embassy Djibouti,194133430619880,US - EMB,https://www.facebook.com/pages/US-Embassy-Djibouti/194133430619880
U.S. Embassy Asmara Eritrea,213168690119,US - EMB,https://www.facebook.com/usembassyasmara?sid=0.060866048912986304
U.S. Embassy Addis Ababa,184439288265119,US - EMB,https://www.facebook.com/us.emb.addisababa
US Embassy Ghana,146328372149587,US - EMB,https://www.facebook.com/USEmbassyGhana?sid=0.19094700192894176
"Ambassade des Etats-Unis Conakry, Guinee",145424508823830,US - EMB,https://www.facebook.com/pages/Ambassade-des-Etats-Unis-Conakry-Guinée/145424508823830
Ambassade des Etats-Unis au Senegal,108981709134387,US - EMB,https://www.facebook.com/usembassydakar?sid=0.2592131131056581
U.S. Embassy Nairobi,146218063693,US - EMB,https://www.facebook.com/pages/US-Embassy-Nairobi/146218063693
"U.S. Embassy Monrovia, Liberia",200165633335836,US - EMB,https://www.facebook.com/monrovia.usembassy
US Embassy Madagascar,126866674011067,US - EMB,https://www.facebook.com/usembassy.madagascar
U.S. Embassy Lilongwe,160841183603,US - EMB,https://www.facebook.com/USEmbassyGhana
Ambassade des Etats-Unis au Mali,262278310486824,US - EMB,https://www.facebook.com/pages/Ambassade-des-Etats-Unis-au-Mali/262278310486824
U.S. Embassy Mauritania,92501672621,US - EMB,https://www.facebook.com/pages/US-Embassy-Mauritania/92501672621
U.S. Embassy Port Louis,293988160666,US - EMB,https://www.facebook.com/usembassy.portlouis
U.S. Embassy Namibia,105619119495619,US - EMB,https://www.facebook.com/namibia.usembassy
U.S. Embassy Nigeria,29206219873,US - EMB,https://www.facebook.com/usembassynigeria
"U.S. Embassy Kigali, Rwanda",209413642418229,US - EMB,https://www.facebook.com/kigali.usembassy
"U.S. Department of State: Embassy Freetown, Sierra Leone",84075927865,US - EMB,https://www.facebook.com/sierraleone.usembassy
United States Mission to South Africa,71515236595,US - EMB,https://www.facebook.com/USinSouthAfrica
U.S. Embassy Swaziland,163082790393199,US - EMB,https://www.facebook.com/usembassy.swaziland
U.S. Embassy Tanzania,137553061928,US - EMB,https://www.facebook.com/tanzania.usembassy
"US Embassy Banjul, The Gambia",189280505530,US - EMB,https://www.facebook.com/U.S.EmbassyBanjul
U.S. Mission Uganda,121384077911109,US - EMB,https://www.facebook.com/USMissionUganda
U.S. Embassy Harare,105198680666,US - EMB,https://www.facebook.com/pages/US-Embassy-Harare/105198680666
U.S. Mission to the African Union,93218692247,US - EMB,https://www.facebook.com/pages/US-Mission-to-the-African-Union/93218692247
Embajada de Estados Unidos en Argentina,39975169920,US - EMB,https://www.facebook.com/EmbUSARG
Embaixada dos EUA - Brazil,74343933456,US - EMB,https://www.facebook.com/EmbaixadadosEUA.BR
US Embassy Ottawa,38802554124,US - EMB,https://www.facebook.com/canada.usembassy
U.S. Consulate Montreal,38802554124,US - EMB,https://www.facebook.com/U.S.CGMontreal
U.S. Embassy Santiago,92125180021,US - EMB,https://www.facebook.com/usdos.chile
Embahada de los Estados Unidos Colombia,80400703949,US - EMB,https://www.facebook.com/usdos.colombia
Embajada de Estados Unidos en Costa Rica,71189598227,US - EMB,https://www.facebook.com/sanjose.usembassy
US Int,93151733910,US - EMB,https://www.facebook.com/havana.usint
Embajada USA - Santo Domingo,101032454198,US - EMB,https://www.facebook.com/EmbajadaUSASantoDomingo
Consulado General de los Estados Unidos en Guayaquil,146324541360,US - EMB,https://www.facebook.com/usdos.guayaquil
Embajada Americana El Salvador,147858435252169,US - EMB,https://www.facebook.com/embajadaamericanaelsalvador
US Embassy Guatemala,90293542586,US - EMB,https://www.facebook.com/Embajada.EEUU.Guatemala
US Embassy Georgetown Public Affairs,140708899279090,US - EMB,https://www.facebook.com/usdos.guayaquil
Ambassade des Etats-Unis Port-au-Prince (Haiti),131705144280,US - EMB,https://www.facebook.com/USEmbassyHaiti
U.S. Embassy Tegucigalpa,140032892460,US - EMB,https://www.facebook.com/embajadahonduras
US Embassy Jamaica,143560048536,US - EMB,https://www.facebook.com/pages/US-Embassy-Jamaica/143560048536
Embajada Estados Unidos en Mexico,96637444189,US - EMB,https://www.facebook.com/mexico.usembassy
Comunidad Fronteriza,84157668780,US - EMB,https://www.facebook.com/usdos.ciudadjuarez
US Consulate General Guadalajara,200566685128,US - EMB,https://www.facebook.com/USCGGuadalajara
Consulado General de los Estados Unidos en Hermosillo,304174606435,US - EMB,https://www.facebook.com/USCGHermosillo
Consulado General de los Estados Unidos en Matamoros,163175477070832,US - EMB,https://www.facebook.com/USCGMatamoros
U.S. Consulate Merida,110904889030403,US - EMB,https://www.facebook.com/usaconsuladomty
U.S. Consulate General Monterrey,155076757880372,US - EMB,https://www.facebook.com/usaconsuladomty
U.S. Consulate Nogales,126030714132891,US - EMB,https://www.facebook.com/ConsuladoNogales
U.S. Consulate General Nuevo Laredo,103168006466515,US - EMB,https://www.facebook.com/consuladonuevolaredo
Consulado General de los Estados Unidos en Tijuana,166149414713,US - EMB,https://www.facebook.com/ConsuladoEstadosUnidosTijuana
Embajada de Estados Unidos Managua,73006545785,US - EMB,https://www.facebook.com/embusanic
Estamos Unidos Panama,90908494647,US - EMB,https://www.facebook.com/panamaestamosunidos
Embajada de Estados Unidos en Peru,163806507776,US - EMB,https://www.facebook.com/Peru.usembassy
"U.S. Embassy - Paramaribo, Suriname",126822017361873,US - EMB,https://www.facebook.com/Embassy.Paramaribo
U.S. Embassy Trindad and Tobago,101916507356,US - EMB,https://www.facebook.com/ttusa
Embajada de los Estados Unidos en Uruguay,10527233063,US - EMB,https://www.facebook.com/US.Embassy.Montevideo
Embajada de los Estados Unidos de America - Caracas,37896015468,US - EMB,https://www.facebook.com/melbourne.usconsulate
U.S. Embassy Canberra,66357326382,US - EMB,https://www.facebook.com/Peru.usembassy
U.S. Consulate General Melbourne,105399191715,US - EMB,https://www.facebook.com/melbourne.usconsulate
U.S. Consulate General Perth,143882025632732,US - EMB,https://www.facebook.com/perth.usconsulate
U.S. Consulate General Sydney,92088614462,US - EMB,https://www.facebook.com/sydney.usconsulate
U.S. Embassy Rangoon,122393807842447,US - EMB,https://www.facebook.com/usembassy.rangoon
U.S. Embassy Phnom Penh,79770243223,US - EMB,https://www.facebook.com/us.embassy.phnom.penh
US Embassy Suva,110444994555,US - EMB,https://www.facebook.com/usembassysuva
U.S. Consulate General Hong Kong and Macau,317451486051,US - EMB,https://www.facebook.com/USAinHKMacau
"U.S. Embassy - Jakarta, Indonesia",59649400218,US - EMB,https://www.facebook.com/jakarta.usembassy
US Consulate General Surabaya,161970137847,US - EMB,https://www.facebook.com/Surabaya.USConsulate
US Embassy Tokyo,8752699755,US - EMB,https://www.facebook.com/usembassytokyo
Fukuoka American Center,186545724738290,US - EMB,https://www.facebook.com/FukuokaAmericanCenter
Nagoya American Center,322265374523591,US - EMB,https://www.facebook.com/NagoyaAmericanCenter
"U.S. Consulate General Osaka - Kobe, American Citizen Services",154414737948096,US - EMB,https://www.facebook.com/USAinHKMacau
U.S. Consulate General in Sapporo,21107593266,US - EMB,https://www.facebook.com/USConGenSapporo
U.S. Consulate General Naha,170571756314918,US - EMB,https://www.facebook.com/naha.usconsulate
U.S. Embassy Seoul,111794158722,US - EMB,https://www.facebook.com/usembassyseoul
U.S. Embassy Vientiane,82124194915,US - EMB,https://www.facebook.com/pages/US-Embassy-Vientiane/82124194915
U.S. Embassy Kuala Lumpur,72081519846,US - EMB,https://www.facebook.com/usembassykl
"U.S. Embassy, Majuro",279017558803578,US - EMB,https://www.facebook.com/EmbMaj692
"US Embassy, Kolonia Micronesia",150821174989168,US - EMB,https://www.facebook.com/USembassyKolonia
"U.S. Embassy - Ulaanbaatar, Mongolia",122940101064956,US - EMB,https://www.facebook.com/USAinMongolia
US Embassy New Zealand,298591612622,US - EMB,https://www.facebook.com/newzealand.usembassy
"U.S. Embassy - Port Moresby, Papua New Guinea",219567644775663,US - EMB,https://www.facebook.com/usembassyportmoresby
US Embassy Koror,166269553401926,US - EMB,https://www.facebook.com/usembassykoror
"U.S. Embassy, Manila Philippines",157551009622,US - EMB,https://www.facebook.com/manila.usembassy
"U.S. Consulate, Chiang Mai, Thailand",242463240273,US - EMB,https://www.facebook.com/chiangmai.usconsulate
"U.S. Embassy Apia, Samoa",201806573173426,US - EMB,https://www.facebook.com/samoa.usembassy
U.S. Embassy Singapore,169511725183,US - EMB,https://www.facebook.com/singapore.usembassy
"U.S. Embassy - Dili, Timor-Leste",116727735016048,US - EMB,https://www.facebook.com/USEmbassyDili
U.S. Embassy in Hanoi,110425642319640,US - EMB,https://www.facebook.com/usembassyhanoi
The American Center - Ho Chi Minh City,165419643537532,US - EMB,https://www.facebook.com/achochiminh.usconsulate
U.S. Mission to Asean (USASEAN),259601784132763,US - EMB,https://www.facebook.com/USMission2ASEAN
U.S. Embassy-Tirana,74591195837,US - EMB,https://www.facebook.com/usembassytirana
U.S. Embassy Yerevan,217655292672,US - EMB,https://www.facebook.com/usdos.armenia
U.S. Embassy Vienna,61299260993,US - EMB,https://www.facebook.com/USEmbVienna
U.S. Embassy Baku,114366571914596,US - EMB,https://www.facebook.com/baku.usembassy
US Embassy Brussels,39878083109,US - EMB,https://www.facebook.com/usembassybelgium
United States Embassy to Bosnia and Herzegovina,84175439430,US - EMB,https://www.facebook.com/usembassy.bih
U.S. Embassy Sofia,108194222569430,US - EMB,https://www.facebook.com/pages/US-Embassy-Sofia/108194222569430
U.S. Embassy Zagreb,129210723781448,US - EMB,https://www.facebook.com/zagreb.usembassy
USEmbassyCyprus,165898486789775,US - EMB,https://www.facebook.com/USEmbassyNicosia
U.S. Embassy Prague,45298246708,US - EMB,https://www.facebook.com/USEmbassyPrague
U.S. Embassy Denmark,298461170736,US - EMB,https://www.facebook.com/denmark.usembassy
"U.S. Embassy Tallinn, Estonia",155204716956,US - EMB,https://www.facebook.com/estonia.usembassy
U.S. Embassy Finland,150048405025558,US - EMB,https://www.facebook.com/finland.usembassy
U.S. Embassy France,130504556373,US - EMB,https://www.facebook.com/usdos.france
U.S. Consulate Bordeaux,112438508774722,US - EMB,https://www.facebook.com/usdos.bordeaux
Consulat des Etats - Unis a Lyon,107265782646530,US - EMB,https://www.facebook.com/usdos.lyon
Consulat des Etats - Unis a Rennes,171419544640,US - EMB,https://www.facebook.com/usdos.rennes
U.S. Consulate Toulouse,310379839049206,US - EMB,https://www.facebook.com/usdos.toulouse
U.S. Consulate General Strasbourg,188989921139653,US - EMB,https://www.facebook.com/estonia.usembassy
"U.S. Embassy Tbilisi, Georgia",55448127953,US - EMB,https://www.facebook.com/tbilisi.usembassy
U.S. Embassy Berlin,111301905586279,US - EMB,https://www.facebook.com/usbotschaftberlin
U.S. Consulate General Duesseldorf,98724859943,US - EMB,https://www.facebook.com/USConGenNRW
U.S. Consulate General Frankfurt,138295912096,US - EMB,https://www.facebook.com/usconsulate.frankfurt
U.S Consulate General Hamburg,105272859503403,US - EMB,https://www.facebook.com/USConsulateHamburg
United States Consulate General Leipzig,119064704776900,US - EMB,https://www.facebook.com/USConGenLeipzig
U.S. Consulate General Munich,154862283808,US - EMB,https://www.facebook.com/usconsulatemunich
U.S. Embassy Athens,176748609063,US - EMB,https://www.facebook.com/USEmbassyAthens
U.S. Consulate General Thessaloniki,75860411475,US - EMB,https://www.facebook.com/thessaloniki.usconsulate
US Embassy Budapest,37318418978,US - EMB,https://www.facebook.com/hungary.usembassy
US Embassy Reykjavik Iceland,98008554575,US - EMB,https://www.facebook.com/USEmbReykjavik
U.S. Embassy Dublin,90494053539,US - EMB,https://www.facebook.com/usembassydublin
U.S Embassy to Italy,32706176871,US - EMB,https://www.facebook.com/usembassydublin
U.S. Consulate General Florence,73531129169,US - EMB,https://www.facebook.com/pages/US-Consulate-General-Florence/73531129169
U.S. Consulate General Milan,207765002932,US - EMB,https://www.facebook.com/USConsMilan
U.S. Consualte General Naples,124973860889852,US - EMB,https://www.facebook.com/ConsolatoUSANapoli
"U.S. Embassy Pristina, Kosovo",127665510592946,US - EMB,https://www.facebook.com/kosovo.usembassy
"United States Embassy - Riga, Latvia",70710067457,US - EMB,https://www.facebook.com/usembassyriga
JAV Ambasada Vilniuje,222708185581,US - EMB,https://www.facebook.com/vilnius.usembassy
U.S. Embassy Macedonia,119869762156,US - EMB,https://www.facebook.com/pages/US-Embassy-Macedonia/119869762156
U.S. Embassy Moldova,205823739080,US - EMB,https://www.facebook.com/U.S.EmbassyMoldova
U.S. Embassy Podgorica,32665979711,US - EMB,https://www.facebook.com/montenegro.usembassy
U.S. Embassy The Hague,147599291963527,US - EMB,https://www.facebook.com/pages/US-Embassy-The-Hague/147599291963527
"U.S. Consulate General, Amsterdam",124454795947,US - EMB,https://www.facebook.com/U.S.ConsulateGeneralAmsterdam
US Embassy Oslo,20650012122,US - EMB,https://www.facebook.com/usdos.norway
U.S. Consulate General in Krakow,74116203773,US - EMB,https://www.facebook.com/krakow.usconsulate
Embaixada dos EUA em Portugal,45573163736,US - EMB,https://www.facebook.com/usdos.portugal
U.S. Embassy Bucharest,423979315453,US - EMB,https://www.facebook.com/bucharest.usembassy
U.S. Consulate Yekaterinburg,122814961096261,US - EMB,https://www.facebook.com/yekaterinburg.usconsulate
U.S. Consulate Vladivostok,174646795884891,US - EMB,https://www.facebook.com/usconsulate.vladivostok
U.S. Embassy Moscow,109926109062427,US - EMB,https://www.facebook.com/russia.usembassy
U.S Consulate General St. Petersburg,132103616845982,US - EMB,https://www.facebook.com/usconsulatespb
USA and Slovakia,167499746617461,US - EMB,https://www.facebook.com/USAandSlovakia
U.S. Embassy Ljubljana,53039228087,US - EMB,https://www.facebook.com/slovenia.usembassy?v=wall
US Embassy Madrid,112739491284,US - EMB,https://www.facebook.com/madrid.usembassy
U.S. Consulate General Barcelona,155671984456683,US - EMB,https://www.facebook.com/usconsulate.barcelona
U.S. Embassy Belgrade,37417422767,US - EMB,https://www.facebook.com/USEmbassySerbia
US Embassy Sweden,103113758132,US - EMB,https://www.facebook.com/stockholm.usembassy
U.S. Embassy Bern,104690392900835,US - EMB,https://www.facebook.com/USAandSlovakia
"U.S. Embassy Ankara, Turkey",113422634015,US - EMB,https://www.facebook.com/usdos.turkey
U.S. Consulate Adana,317952485292,US - EMB,https://www.facebook.com/adana.usconsulate
America @ Istanbul,103621049307,US - EMB,https://www.facebook.com/istanbul.usconsulate
U.S. Embassy Kyiv Ukraine,43732151935,US - EMB,https://www.facebook.com/usdos.ukraine
U.S. Embassy London,86264954382,US - EMB,https://www.facebook.com/uk.usembassy
U.S. Consulate Belfast,189796969657,US - EMB,https://www.facebook.com/pages/US-Consulate-Belfast/189796969657
U.S. Embassy to the Holy See (Vatican),155357921154325,US - EMB,https://www.facebook.com/holysee.usembassy
U.S. Mission Vienna,56632622313,US - EMB,https://www.facebook.com/usunvie
The U.S. Mission to the European Union - USEU Brussels,263981990188,US - EMB,https://www.facebook.com/useubrussels
U.S. Mission to NATO,67014122312,US - EMB,https://www.facebook.com/USNATO
United States Mission to the OSCE,151372664878320,US - EMB,https://www.facebook.com/home.php#!/pages/Vienna-Austria/United-States-Mission-to-the-OSCE/151372664878320
U.S. Mission Geneva,57207008875,US - EMB,https://www.facebook.com/usmissiongeneva
U.S. Mission to the United Nations Agencies in Rome,201163534554,US - EMB,https://www.facebook.com/pages/US-Mission-to-the-United-Nations-Agencies-in-Rome/201163534554
U.S. Embassy Algiers,236962269658408,US - EMB,https://www.facebook.com/USEmbassyAlgiers
U.S. Embassy Manama,102542377333,US - EMB,https://www.facebook.com/AmericanEmbassyManama
U.S Embassy Cairo,285699990157,US - EMB,https://www.facebook.com/USEmbassyCairo
U.S. Consulate General Alexandria,274320942675899,US - EMB,https://www.facebook.com/alexandria.usconsulate
USAdarFarsi,121064324573104,US - EMB,https://www.facebook.com/USAdarFarsi
U.S. Embassy Baghdad,179158259303,US - EMB,https://www.facebook.com/embassybaghdad
StudyUSAIraq,151336988230575,US - EMB,https://www.facebook.com/StudyUSAIraq
"U.S. Embassy Tel Aviv, Israel",53009940621,US - EMB,https://www.facebook.com/U.S.EmbassyTelAvivIsrael
U.S. Consulate General Jerusalem,80493369332,US - EMB,https://www.facebook.com/USConGenJerusalem
U.S. Embassy - Jordan,36736912815,US - EMB,https://www.facebook.com/jordan.usembassy
U.S. Embassy Kuwait,114134965304656,US - EMB,https://www.facebook.com/USEmbassyQ8
U.S. Embassy Beirut,190211939334,US - EMB,https://www.facebook.com/USEmbassyBeirut
U.S. Embassy Libya,236838689712543,US - EMB,https://www.facebook.com/usembassytripoli
U.S. Embassy Rabat,93250564550,US - EMB,https://www.facebook.com/USEmbassyRabat
U.S. Embassy Muscat,217383701628700,US - EMB,https://www.facebook.com/USEmbassyMuscat
U.S. Embassy Qatar,149210335803,US - EMB,https://www.facebook.com/USEmbassyQatar
U.S. Embassy Riyadh,35050078368,US - EMB,https://www.facebook.com/USEmbassyRiyadh
U.S. Consulate General Dhahran,177540912268342,US - EMB,https://www.facebook.com/dhahran.usconsulate
U.S. Consulate General Jeddah,134502749919530,US - EMB,https://www.facebook.com/USConsulateGeneralJeddah
U.S. Embassy Damascus,48261722648,US - EMB,https://www.facebook.com/syria.usembassy
American Embassy Tunis,59978261217,US - EMB,https://www.facebook.com/usdos.tunisia
US Embassy Abu Dhabi,119837032950,US - EMB,https://www.facebook.com/usembassyAbuDhabi
US Consulate General Dubai,130105277043506,US - EMB,https://www.facebook.com/USConsulateGeneralDubai
U.S. Embassy Sana'a,68956579020,US - EMB,https://www.facebook.com/yemen.usembassy
U.S. Embassy Kabul,34734118909,US - EMB,https://www.facebook.com/kabulusembassy
U.S. Embassy - Dhaka,103157219806,US - EMB,https://www.facebook.com/bangladesh.usembassy
U.S. Embassy India,174669949315709,US - EMB,https://www.facebook.com/India.usembassy
U.S. Consulate General Chennai,281945680816,US - EMB,https://www.facebook.com/chennai.usconsulate
U.S. Consulate General Hyderabad,151201800731,US - EMB,https://www.facebook.com/usconsulategeneralhyderabad
U.S. Consulate General Kolkata,162940587063851,US - EMB,https://www.facebook.com/Kolkata.usconsulate
U.S. Embassy Astana,139789445347,US - EMB,https://www.facebook.com/usembassy.astana
U.S. Consulate Almaty,313718305320285,US - EMB,https://www.facebook.com/almaty.usconsulate
"U.S. Embassy Bishkek, Kyrgyz Republic",32129918236,US - EMB,https://www.facebook.com/pakistan.usembassy
"U.S. Embassy Kathmandu, Nepal",108560955847639,US - EMB,https://www.facebook.com/nepal.usembassy
U.S. Embassy Pakistan,160073033620,US - EMB,https://www.facebook.com/pakistan.usembassy
U.S. Consulate General Karachi,207929953869,US - EMB,https://www.facebook.com/karachi.usconsulate
US Consulate General Lahore,187807306823,US - EMB,https://www.facebook.com/lahore.usconsulate
U.S. Consulate General Peshawar,144108382300989,US - EMB,https://www.facebook.com/peshawar.usconsulate
"U.S. Embassy Colombo, Sri Lanka",56751562845,US - EMB,https://www.facebook.com/usembassycolombosl
"U.S. Embassy, Dushanbe, Tajikistan",72639402941,US - EMB,https://www.facebook.com/usembassy.dushanbe
"U.S. Embassy, Ashgabat, Turkmenistan",56074609720,US - EMB,https://www.facebook.com/usembassy.turkmenistan
U.S. Embassy Tashkent,9631659185,US - EMB,https://www.facebook.com/usdos.uzbekistan
Embassy of Afghanistan,68998341320,EMB,https://www.facebook.com/pages/Embassy-of-Afghanistan/68998341320
Australia in the United States,497566726923314,EMB,https://www.facebook.com/AustraliaInTheUS
"Embassy of Austria, Washington D.C.",100857607832,EMB,https://www.facebook.com/austrianembassy
"Embassy of Azerbaijan, Washington, D.C.",163919547042338,EMB,https://www.facebook.com/azembassy.us
"Embassy of Belgium in Washington, D.C.",172024242858297,EMB,https://www.facebook.com/pages/Embassy-of-Belgium-in-Washington-DC/172024242858297
Embajada del Estado Plurinacional de Bolivia en Washington DC,261284229132,EMB,https://www.facebook.com/embajada.de.bolivia.usa
"Embassy of Brazil in Washington, DC",132409406788375,EMB,https://www.facebook.com/pages/Embassy-of-Brazil-in-Washington-DC/132409406788375
"Bulgarian Embassy in Washington, D.C.",56060414441918,EMB,https://www.facebook.com/pages/Bulgarian-Embassy-in-Washington-DC/156060414441918
"Burkina Embassy in Washington, D.C.",193137697424729,EMB,https://www.facebook.com/pages/BURKINA-EMBASSY-IN-WASHINGTON-DC/193137697424729
Connect2Canada/Lien Canada,30314302497,EMB,https://www.facebook.com/connect2canada
Embassy of the Czech Republic,60072045034,EMB,https://www.facebook.com/pages/Embassy-of-the-Czech-Republic/60072045034
Embassy of Denmark in the United States,172439363454,EMB,https://www.facebook.com/ambwashington
Embajada del Ecuador en Washington,172439363454,EMB,https://www.facebook.com/EmbajadadelEcuadorenWashington
Egyptian Embassy in Washington D.C.,167036823344417,EMB,https://www.facebook.com/pages/Egyptian-Embassy-in-Washington-DC/167036823344417
Embajada de El Salvador en Washington D.C.,141105199286415,EMB,https://www.facebook.com/embelsalvadorusa
Estonian Embassy in Washington,293300007958,EMB,https://www.facebook.com/estemb.washington
Embassy of Finland in Washington D.C.,165317363483857,EMB,https://www.facebook.com/FinnishEmbassyWashingtonDC
Consulate General of Finland in New York,141084382597546,EMB,https://www.facebook.com/ConsulateGeneralFinlandNewYork
Consulate General of Finland in Los Angeles,263110080410585,EMB,https://www.facebook.com/ConsulateGeneralFinlandLosAngeles
French Embassy in the U.S.,55529576314,EMB,https://www.facebook.com/FranceInTheUs
German Embassy Washington,350783226794,EMB,https://www.facebook.com/GermanEmbassyWashington
Greece in Washington,127668400597930,EMB,https://www.facebook.com/GreeceInWashington
"British Embassy, Washington DC",23022680247,EMB,https://www.facebook.com/ukinusa
Guyana News and Information Discussion Forums,133907919991200,EMB,https://www.facebook.com/pages/Guyana-News-and-Information-Discussion-Forums/133907919991200
Embajada de Honduras en Estados Unidos,188645814515193,EMB,https://www.facebook.com/pages/Embajada-de-Honduras-en-Estados-Unidos/188645814515193
Embassy of Iceland Washington DC,278841688816135,EMB,https://www.facebook.com/Icelandic.Embassy
"Embassy of India, Washington DC",164730746912290,EMB,https://www.facebook.com/IndembassyUSA
"Indonesian Embassy - Washington, DC",167156993310252,EMB,https://www.facebook.com/pages/Indonesian-Embassy-Washington-DC/167156993310252
"Embassy of the Republic of Iraq in Washington, D.C.",143009419090612,EMB,https://www.facebook.com/IsraelinUSA
Israel in the USA,129263377119934,EMB,https://www.facebook.com/pages/Kenya-Embassy-Washington-DC/189894277705013
Embassy of Kazakhstan in Washington DC,151137401613963,EMB,https://www.facebook.com/pages/Embassy-of-Kazakhstan-in-Washington-DC/151137401613963
Kenya Embassy Washington D.C.,189894277705013,EMB,https://www.facebook.com/pages/Kenya-Embassy-Washington-DC/189894277705013
"Embassy of Kosovo in Washington, DC",177196759000445,EMB,https://www.facebook.com/embassyofkosovo
Kgembassyusa Kyrgyzstan,100002341098864,EMB,https://www.facebook.com/kgembassyusa?sk=wall
"Embassy of Liechtenstein, Washington D.C.",263046272021,EMB,https://www.facebook.com/pages/Embassy-of-Liechtenstein-Washington-DC/263046272021
"Embassy of Lithuania in Washington, D.C.",166680763472284,EMB,https://www.facebook.com/embassyLTwashington
Ambasada RM Washington,100002647725318,EMB,https://www.facebook.com/ambasadarm.washington
Embassy of the Netherlands in the United States,324301056550,EMB,https://www.facebook.com/DutchEmbassyUS
New Zealand Embassy - Washington D.C.,221075007937746,EMB,https://www.facebook.com/NZEmbassy.WashingtonDC
Norweigian Embassy in Washington,251309683146,EMB,https://www.facebook.com/NorwegianEmbassyinWashington
"Embassy of the Philippines, Washington DC",223558727658119,EMB,https://www.facebook.com/pages/Embassy-of-the-Philippines-Washington-DC/223558727658119
"Embassy of Poland, Washington DC",132428173488131,EMB,https://www.facebook.com/EmbassyofPolandWashingtonDC
Rwanda Embassy in Washington DC,107350289343417,EMB,https://www.facebook.com/pages/Rwanda-Embassy-in-Washington-DC/107350289343417
Embassy of Serbia in the United States,357155727717176,EMB,https://www.facebook.com/pages/Embassy-of-Serbia-in-the-United-States/357155727717176
Singapore Embassy in Washington DC,188399634510768,EMB,https://www.facebook.com/SingaporeEmbassyDC
Embassy of Slovakia to the U.S.,199348473491640,EMB,https://www.facebook.com/pages/Ve_vyslanectvo-SR-v-USA-Embassy-of-Slovakia-to-the-US/199348473491640
Embassy of Sri Lanka,104428022371,EMB,https://www.facebook.com/slembassyusa
Embassy of Sweden in the US,205621422781982,EMB,https://www.facebook.com/embassyofswedenwashingtondc
ThinkSwiss,197704698562,EMB,https://www.facebook.com/pages/ThinkSwiss/197704698562
Embassy of Tajikistan,131754950172542,EMB,https://www.facebook.com/groups/131754950172542/
Tanzania Embassy - U.S,477540062273308,EMB,https://www.facebook.com/pages/Tanzania-Embassy-US/477540062273308
"Royal Thai Embassy, Washington D.C.",168998019779892,EMB,https://www.facebook.com/pages/Royal-Thai-Embassy-Washington-DC/168998019779892
"Embassy of Turkey, Washington D.C.",112360138788378,EMB,https://www.facebook.com/turkishembassy
"UAE Embassy in Washington, DC",304178390627,EMB,https://www.facebook.com/UAEEmbassyUS
Embassy of Ukraine in the USA,211311782245395,EMB,https://www.facebook.com/ukr.embassy.usa
"Embassy of the Bolivarian Republic of Venezuela, Washington, D.C.",362699881498,EMB,https://www.facebook.com/VzlaEmbassyUS
Delegation of the European Union to the United States,103464236394201,,